"esr1_rs2234693","il15_rs2296135","il15ra_2228059","acdc_rs1501299","rankl_4531631","tcfl72_7903146","Mean_BP","CHOL","DRM.CH"
2,1,2,1,2,2,94,199,0
1,0,0,2,2,0,95,159,1
2,1,1,1,2,1,102,184,1
2,1,1,2,1,1,75,142,1
2,2,2,2,2,0,97,216,1
2,0,0,1,2,0,96,192,0
1,1,1,2,2,1,93,165,0
0,2,2,0,1,1,93,240,1
1,1,1,1,1,1,94,145,0
2,2,2,1,2,1,93,197,0
1,2,1,2,2,1,93,182,1
2,0,0,2,2,0,94,139,0
0,1,1,1,2,1,93,207,0
1,2,2,1,2,0,95,139,1
0,1,1,1,2,1,88,202,0
1,2,2,2,2,0,87,145,0
1,2,2,2,1,0,101,157,1
1,2,1,2,2,1,87,163,0
1,1,1,1,1,0,93,180,1
0,1,1,0,1,0,93,173,1
1,1,1,2,1,0,93,171,1
1,2,2,0,1,1,93,147,1
2,1,1,2,2,0,93,256,1
1,1,1,2,2,0,93,214,1
0,2,1,1,2,0,93,175,0
2,1,1,1,2,1,93,168,1
2,0,0,1,2,0,93,149,0
2,0,0,1,1,0,93,171,1
2,2,2,2,1,0,94,233,0
1,0,0,0,2,0,91,143,0
1,1,1,1,2,1,89,131,0
1,2,2,0,1,0,98,133,0
1,2,1,2,2,0,98,198,0
2,1,2,2,2,2,83,214,0
1,1,1,2,1,1,81,130,1
1,1,1,1,0,0,91,178,0
1,2,2,0,1,1,87,178,0
1,2,2,2,2,0,91,223,1
0,1,1,1,1,0,69,174,0
1,0,0,2,2,0,87,165,0
0,2,2,1,1,0,81,147,1
2,2,1,1,2,0,77,180,1
0,0,0,2,2,1,79,111,1
1,1,1,1,2,0,93,157,1
1,0,0,2,2,0,97,207,0
2,1,1,1,1,0,79,145,1
1,2,2,2,2,1,98,160,1
2,1,1,1,2,1,81,164,1
2,1,1,1,2,1,90,146,0
1,2,2,2,2,0,74,158,1
2,2,2,1,2,0,83,171,1
2,1,1,2,2,0,98,204,0
1,2,2,2,2,0,76,204,0
0,1,1,1,2,0,84,147,0
2,2,1,1,2,0,77,180,1
2,1,1,2,2,0,97,183,1
1,0,0,2,2,2,77,171,1
1,2,2,2,1,0,74,127,1
2,1,1,1,2,1,84,148,1
2,2,2,2,2,0,88,170,1
1,2,2,2,2,1,98,194,1
1,1,2,2,1,1,92,132,1
1,1,0,1,2,0,72,139,1
0,0,0,2,2,0,75,135,1
1,1,0,1,1,1,75,154,1
2,1,1,1,2,0,85,164,1
2,0,0,1,2,2,70,149,1
0,1,1,2,2,0,78,143,1
1,1,1,1,2,0,77,165,1
1,1,1,1,1,0,69,195,1
2,0,0,0,2,0,73,178,1
0,1,0,2,2,0,81,127,1
2,1,0,1,1,0,79,177,1
0,0,0,1,2,1,88,171,1
2,2,1,1,2,1,79,155,1
0,1,1,1,1,0,76,130,1
0,2,2,0,2,0,79,144,1
2,2,0,1,2,0,94,112,0
0,1,0,2,2,0,92,138,1
0,0,0,1,1,0,93,203,1
0,0,0,2,2,0,91,171,1
2,0,0,2,1,1,89,174,1
1,0,0,2,2,0,80,103,1
1,1,1,1,2,0,89,184,1
1,1,2,2,2,1,77,106,1
1,1,1,1,2,2,80,153,1
1,1,1,2,2,2,76,188,1
2,0,0,2,2,1,95,138,1
0,2,2,2,2,0,75,162,1
1,1,1,2,2,0,75,173,1
2,2,2,1,1,1,84,159,0
2,1,1,2,1,0,87,149,1
1,0,2,2,2,1,71,145,1
0,1,1,1,1,1,85,173,1
1,1,1,1,1,1,85,166,1
1,1,1,2,2,0,75,127,1
0,2,2,0,0,1,79,157,1
2,0,0,2,2,0,75,138,0
0,1,1,2,2,1,95,205,1
0,1,2,2,2,1,82,213,1
2,0,0,1,2,1,79,178,1
1,2,2,1,2,2,65,160,1
2,2,2,2,2,1,88,142,0
2,0,0,1,2,0,99,157,1
0,1,1,1,2,0,81,161,1
1,2,2,2,1,0,77,154,1
0,1,1,1,2,0,97,234,1
2,0,0,2,2,0,91,178,1
2,0,1,2,2,0,61,145,1
0,1,0,1,2,0,72,134,1
1,0,1,2,1,1,86,138,1
0,1,1,2,2,0,91,176,1
2,2,2,2,2,0,83,163,1
2,0,1,2,1,0,68,147,1
1,1,1,1,2,2,80,165,1
2,2,0,2,1,1,91,224,1
2,1,1,1,2,1,79,187,0
1,0,0,1,2,1,70,160,1
1,0,2,2,1,0,71,171,1
1,1,1,1,1,0,78,152,1
0,1,0,2,2,1,84,138,0
1,2,2,2,2,1,69,122,1
0,2,2,2,1,1,97,158,0
1,1,1,2,1,0,81,169,1
1,0,1,1,1,1,84,114,1
2,0,0,2,2,1,88,175,1
0,1,1,2,2,0,98,176,0
0,1,1,2,2,0,72,146,1
1,1,1,1,2,0,105,178,0
1,0,0,1,2,0,75,146,1
1,1,1,2,2,1,91,197,1
2,1,0,2,1,2,86,155,1
0,2,0,2,2,0,78,127,1
2,1,2,1,2,0,85,126,1
1,0,1,2,2,1,95,189,0
2,0,0,0,2,0,83,189,0
1,1,1,2,2,0,95,247,1
2,0,1,1,2,0,73,229,1
2,2,2,2,2,0,92,209,1
1,1,2,2,2,0,92,167,1
2,0,1,1,1,2,107,212,1
0,0,1,1,1,0,93,156,1
0,1,1,2,1,2,78,168,0
1,1,1,2,2,1,101,174,1
0,1,1,2,1,1,101,132,1
0,2,2,2,2,1,96,186,1
1,1,1,1,2,0,91,154,1
1,1,1,1,1,1,92,160,1
2,2,2,0,1,0,91,138,0
1,1,1,1,2,0,87,152,1
0,1,1,1,2,1,95,217,1
1,2,2,1,2,1,107,179,1
2,1,1,2,0,0,90,127,0
1,2,2,2,1,1,89,114,1
0,2,2,1,2,0,92,203,0
2,2,1,1,2,0,88,193,1
1,1,1,1,2,0,107,225,1
1,1,1,1,2,2,90,166,0
1,1,1,0,2,1,100,207,0
2,1,1,2,2,2,89,139,1
2,0,0,2,2,0,88,163,1
1,1,0,1,1,0,106,169,0
1,0,0,2,2,0,89,185,0
2,1,1,2,2,1,100,179,1
1,2,2,1,2,2,94,154,1
2,0,0,1,1,0,85,138,1
2,0,0,2,1,0,86,174,1
0,1,1,2,2,0,89,134,1
1,2,2,2,2,1,96,197,1
2,1,1,1,1,0,87,157,1
1,0,0,1,2,0,91,152,1
1,1,0,2,1,1,87,138,1
2,1,1,1,1,1,104,162,0
0,2,2,1,1,0,93,169,1
2,1,1,1,2,0,90,165,1
2,0,0,2,1,1,79,110,1
1,1,1,2,2,0,101,223,1
1,0,0,2,2,0,91,166,1
0,1,1,2,2,0,100,172,1
0,1,2,1,2,0,93,191,1
1,1,0,1,2,1,94,183,0
1,0,0,2,1,0,81,181,1
1,1,0,0,2,0,79,170,1
2,1,1,1,1,1,115,170,1
0,1,0,1,2,2,84,144,1
2,0,0,2,2,0,74,148,1
1,1,2,2,2,2,97,154,0
1,1,1,1,2,1,91,202,1
2,2,1,2,1,1,87,109,1
0,1,1,2,1,0,87,140,1
0,1,0,2,1,0,90,154,1
0,0,0,2,2,2,95,163,0
0,2,2,2,0,1,95,139,1
1,2,2,1,1,0,81,153,1
1,1,1,1,1,1,93,175,1
2,1,1,2,2,1,89,247,1
2,2,2,2,2,0,81,180,1
2,2,2,1,2,0,84,146,0
1,0,0,1,1,0,99,170,0
1,1,1,1,2,0,90,187,1
2,1,0,2,1,1,99,165,0
1,1,1,1,2,1,99,195,1
1,1,1,2,1,1,87,160,1
1,2,2,2,2,0,107,110,0
2,0,0,2,2,1,89,214,0
1,1,1,1,2,0,97,108,1
2,1,1,1,2,2,95,148,0
2,1,1,2,1,0,89,144,1
1,0,0,1,2,0,91,251,1
2,2,2,2,0,0,90,171,1
1,1,1,1,2,2,73,140,1
0,1,1,2,1,1,73,212,1
1,0,0,2,1,0,87,141,1
1,1,1,1,2,2,95,136,1
2,1,1,1,2,1,93,150,1
1,1,1,2,2,0,91,180,1
1,0,1,2,2,0,93,183,1
0,1,0,0,2,0,93,150,1
1,1,1,1,2,1,90,174,1
2,0,0,2,2,0,89,121,1
2,1,1,1,1,0,94,229,0
1,2,2,2,1,0,89,116,1
2,1,1,1,2,1,95,145,1
2,1,0,1,2,0,83,170,1
1,1,1,2,2,1,93,144,1
1,1,1,1,2,0,92,227,1
1,2,2,2,2,0,89,106,1
2,0,0,2,2,0,87,179,1
1,2,2,2,2,1,73,156,1
2,1,2,2,0,0,93,166,1
1,1,1,2,2,0,92,216,1
1,1,1,0,2,1,91,146,1
1,2,2,2,2,1,97,185,1
2,0,0,1,2,1,109,122,1
1,1,1,1,2,1,89,188,0
2,0,0,1,1,2,93,181,1
1,1,1,1,1,0,83,162,1
1,1,1,1,2,1,95,182,1
0,1,1,0,2,1,84,120,1
0,0,0,2,1,2,91,162,1
1,0,0,2,2,0,89,265,1
2,1,1,2,1,0,100,185,1
1,1,1,2,2,0,89,162,1
1,2,2,2,2,0,93,164,1
0,2,2,0,2,0,100,149,0
1,0,1,1,2,1,95,136,0
2,1,1,2,2,0,86,158,1
1,1,1,1,1,1,96,166,1
1,0,0,1,2,0,83,132,1
0,1,1,1,2,2,87,155,0
1,0,1,1,2,1,91,156,1
2,1,1,1,2,0,89,171,1
1,1,1,1,1,2,103,152,0
0,1,1,1,2,0,93,160,0
2,0,0,2,2,0,92,132,1
1,2,2,1,2,1,86,192,1
2,0,0,2,2,0,86,199,0
0,1,1,1,1,0,99,122,0
1,1,0,2,2,0,85,141,0
2,1,1,2,1,2,89,164,1
2,0,0,1,1,0,81,176,1
1,2,1,2,2,1,95,158,1
1,2,2,1,1,0,81,199,0
1,1,1,2,1,1,91,170,1
1,2,2,2,1,2,94,237,0
1,2,2,2,1,1,85,149,0
0,0,0,1,1,1,74,203,0
1,1,1,1,2,1,98,186,0
0,1,1,2,1,1,102,132,1
0,1,1,1,1,2,110,176,0
0,2,2,1,1,1,104,136,1
1,0,0,1,2,1,102,155,1
1,0,0,2,2,0,75,175,1
1,2,2,2,2,2,89,168,1
1,1,1,1,1,1,92,200,0
1,0,0,2,2,1,90,258,0
2,1,0,2,2,0,94,230,1
1,1,1,2,2,1,121,291,0
1,1,1,1,2,0,94,142,0
2,1,1,1,2,0,71,139,1
1,0,1,1,2,0,91,121,0
0,2,2,2,2,0,95,157,1
1,1,1,2,1,1,93,156,1
1,0,0,1,2,0,88,158,1
1,0,0,1,2,1,81,183,1
0,1,1,2,2,0,86,191,1
1,2,2,2,2,1,75,158,1
1,1,1,0,2,0,91,206,1
1,2,2,2,2,0,85,180,1
1,1,1,2,0,0,79,185,1
2,1,1,2,2,1,90,277,1
1,2,2,2,2,1,90,202,1
2,2,2,2,1,2,89,202,0
2,1,1,2,1,1,96,131,0
1,1,1,1,2,1,87,163,0
0,0,0,1,2,1,87,166,1
1,1,1,2,2,2,85,184,1
1,1,1,2,2,0,75,132,1
1,1,1,2,1,1,90,127,1
1,1,1,2,2,0,78,174,1
2,1,1,1,2,0,93,238,1
2,1,1,2,2,1,71,179,1
2,2,2,0,2,2,99,187,0
1,1,1,2,2,0,86,178,1
2,0,0,2,1,2,96,149,0
2,2,2,0,2,0,94,165,1
1,1,2,0,1,0,81,173,1
1,1,1,0,2,0,85,176,1
1,2,2,2,2,2,68,140,1
0,0,0,1,1,1,95,142,1
0,0,0,2,1,0,87,157,1
2,1,1,2,0,1,75,162,1
2,2,1,1,0,1,84,155,0
1,2,1,2,2,0,87,196,1
2,2,2,2,1,0,80,144,1
2,0,0,1,1,0,79,161,1
2,1,1,2,2,0,85,141,0
2,2,2,2,1,0,81,158,1
2,1,1,1,2,0,72,129,1
1,1,1,2,2,1,74,188,1
1,2,2,2,2,0,91,171,1
1,1,1,1,1,0,78,115,1
2,2,2,2,2,1,85,199,0
2,0,0,1,1,0,74,201,1
2,0,0,1,1,0,85,179,1
1,1,1,1,2,0,88,250,0
1,0,0,2,2,1,67,138,1
1,0,0,2,2,0,83,173,1
2,0,0,0,2,1,87,154,1
0,0,0,1,1,0,79,149,1
2,1,0,1,2,1,77,160,1
1,0,0,1,2,1,74,176,1
0,1,1,2,2,1,83,176,1
1,1,1,1,2,1,93,155,1
1,1,2,2,2,0,82,141,1
1,0,0,1,2,0,81,167,1
1,2,2,1,1,1,67,192,1
2,2,2,1,2,1,71,127,1
2,1,1,1,2,0,85,223,0
1,1,1,2,2,0,98,157,1
2,2,2,1,2,1,65,146,1
1,0,0,1,2,0,77,151,0
2,0,1,0,2,1,95,156,1
2,1,1,2,2,0,94,146,1
1,2,2,1,2,1,79,156,1
0,2,1,1,2,0,91,206,1
1,1,1,2,2,0,72,175,1
1,1,1,1,1,0,96,226,0
2,1,1,0,2,0,81,143,1
0,1,2,2,2,1,97,180,0
0,0,0,2,1,0,81,130,1
1,1,1,1,2,0,92,176,0
0,2,2,2,2,0,88,146,1
1,1,1,1,2,0,78,157,1
1,1,0,2,2,1,92,159,0
1,2,2,0,2,1,92,199,0
2,2,1,2,2,0,96,210,1
2,0,1,1,2,1,93,164,1
1,0,0,2,1,0,87,156,1
2,0,1,0,1,2,82,205,1
0,2,2,2,1,0,86,165,1
1,2,2,1,2,0,102,160,1
1,1,1,2,2,1,86,156,0
1,2,1,1,1,0,81,131,1
1,2,2,2,1,0,79,154,1
1,1,1,1,2,0,97,190,1
2,1,1,1,2,0,84,189,0
0,2,2,1,2,0,93,133,1
2,0,0,1,1,0,89,240,1
1,1,1,1,2,0,93,201,1
2,0,0,2,2,0,93,185,0
2,1,1,1,1,0,102,240,0
2,2,1,1,2,2,95,194,1
1,1,1,1,2,2,97,185,1
2,2,2,2,1,1,83,162,1
1,0,0,2,2,0,80,183,1
1,1,1,2,2,1,94,157,1
2,1,1,2,1,2,81,123,1
0,1,1,1,2,0,93,178,1
2,1,2,2,2,0,106,193,1
2,0,0,1,1,1,89,149,0
1,0,0,1,2,1,77,153,1
1,2,2,1,1,1,99,192,1
1,0,0,1,2,1,90,142,1
2,0,1,1,2,0,82,218,1
0,0,1,1,1,0,75,203,1
1,1,1,2,2,1,75,307,1
